,dt,open,close,high,low,vol,ts,icon_1,icon_2,icon_11,icon_12,icon_13,icon_41,icon_34,icon_35,icon_38,icon_39,jw1,jw5,jw30
0,2022-06-02 21:31:00,30.967,30.777,32.137,30.777,6303670,1654176660,,,,,,,,,,,-1.6875919210765176,98.22030204767027,53.70563370381612
1,2022-06-02 21:32:00,30.817,30.587,30.817,30.567,1160305,1654176720,,,,,,,,,,,-5.239217008434707,98.22030204767027,53.70563370381612
2,2022-06-02 21:33:00,30.646,30.686,30.687,30.617,658138,1654176780,,,,,,,,,,,-7.094575822811535,98.22030204767027,53.70563370381612
3,2022-06-02 21:34:00,30.842,30.867,30.867,30.737,919797,1654176840,1.0,,,,,,,,,,-6.4423253778525265,98.22030204767027,53.70563370381612
4,2022-06-02 21:35:00,30.882,31.017,31.017,30.864,998682,1654176900,,,,,,,,,,,-3.934682185308972,88.79094918897626,53.70563370381612
5,2022-06-02 21:36:00,30.957,30.847,30.957,30.847,1216941,1654176960,,,,,,,,,,,-3.674726306355126,88.79094918897626,53.70563370381612
6,2022-06-02 21:37:00,30.877,30.667,30.927,30.667,868768,1654177020,,1.0,,,,,,,,,-5.543762560077241,88.79094918897626,53.70563370381612
7,2022-06-02 21:38:00,30.667,30.727,30.787,30.667,859783,1654177080,,,,,,,,,,,-6.388592365529632,88.79094918897626,53.70563370381612
8,2022-06-02 21:39:00,30.867,30.907,30.907,30.847,707229,1654177140,,,,,,,,,,,-4.85976274831782,88.79094918897626,53.70563370381612
9,2022-06-02 21:40:00,30.907,31.027,31.027,30.867,742385,1654177200,,,,,,,,,,,-1.9494123524982143,80.42523485831029,53.70563370381612
10,2022-06-02 21:41:00,30.897,30.971,30.971,30.837,912129,1654177260,,,,,,,,,,,0.04303945555565747,80.42523485831029,53.70563370381612
11,2022-06-02 21:42:00,30.958,30.854,30.973,30.854,695846,1654177320,,,,,,,,,,,0.4686578516748767,80.42523485831029,53.70563370381612
12,2022-06-02 21:43:00,30.857,31.157,31.157,30.857,989927,1654177380,,,,,,,,,,,4.606904136251458,80.42523485831029,53.70563370381612
13,2022-06-02 21:44:00,31.207,31.167,31.207,31.108,996280,1654177440,,,,,,,,,,,8.480048671838162,80.42523485831029,53.70563370381612
14,2022-06-02 21:45:00,31.207,31.297,31.297,31.197,884132,1654177500,,,,,,,,,,,13.568598877290242,76.11227573531009,53.70563370381612
15,2022-06-02 21:46:00,31.257,31.287,31.287,31.256,754876,1654177560,,,,,,,,,,,18.025912306828417,76.11227573531009,53.70563370381612
16,2022-06-02 21:47:00,31.307,31.262,31.307,31.167,779770,1654177620,,,,,,,,,,1.0,21.72811699533733,76.11227573531009,53.70563370381612
17,2022-06-02 21:48:00,31.287,31.177,31.287,31.147,748538,1654177680,,,,,,,,,,,24.01864575136078,76.11227573531009,53.70563370381612
18,2022-06-02 21:49:00,31.206,31.287,31.287,31.137,702424,1654177740,,,,,,,,,,,27.418878546757497,76.11227573531009,53.70563370381612
19,2022-06-02 21:50:00,31.222,31.477,31.477,31.222,1092944,1654177800,,,,,,,,,,,32.77562871372446,74.35509659165844,53.70563370381612
20,2022-06-02 21:51:00,31.466,31.437,31.466,31.407,905334,1654177860,,,,,,,,,,,37.06698447960845,74.35509659165844,53.70563370381612
21,2022-06-02 21:52:00,31.417,31.367,31.427,31.332,628010,1654177920,,,,,,,,1.0,,,40.03468676027323,74.35509659165844,53.70563370381612
22,2022-06-02 21:53:00,31.287,31.337,31.397,31.287,651836,1654177980,,,,,,,,,,,42.30324128990533,74.35509659165844,53.70563370381612
23,2022-06-02 21:54:00,31.308,31.457,31.457,31.308,590210,1654178040,,,,,,,,,,,45.77008774718273,74.35509659165844,53.70563370381612
24,2022-06-02 21:55:00,31.442,31.302,31.442,31.302,520694,1654178100,,,,,,,,,,,46.951854071514845,70.66784426292612,53.70563370381612
25,2022-06-02 21:56:00,31.217,31.035,31.217,31.035,936294,1654178160,,,,,,,,,,,44.730590723832464,70.66784426292612,53.70563370381612
26,2022-06-02 21:57:00,31.016,30.957,31.016,30.927,717002,1654178220,,,,,,,,,,,41.77983577751901,70.66784426292612,53.70563370381612
27,2022-06-02 21:58:00,30.962,30.957,30.997,30.906,426922,1654178280,,,,,,,,,,,39.13411559563566,70.66784426292612,53.70563370381612
28,2022-06-02 21:59:00,30.968,31.117,31.147,30.968,588502,1654178340,,,,,,,,,,,38.71350250050678,70.66784426292612,53.70563370381612
29,2022-06-02 22:00:00,31.167,31.207,31.217,31.167,430754,1654178400,,,,,,,,,,,39.42628024839394,66.21698277467749,49.89528903998223
30,2022-06-02 22:01:00,31.189,31.407,31.407,31.137,726678,1654178460,,,,,,,,,,,42.48767220477002,66.21698277467749,49.89528903998223
31,2022-06-02 22:02:00,31.387,31.502,31.578,31.387,1214686,1654178520,,,,,,,,,,,46.35984739926275,66.21698277467749,49.89528903998223
32,2022-06-02 22:03:00,31.527,31.547,31.567,31.527,555342,1654178580,,,,,,,,,,,50.33935423700504,66.21698277467749,49.89528903998223
33,2022-06-02 22:04:00,31.502,31.402,31.502,31.402,677192,1654178640,,,,,,,,,,,52.094601393290844,66.21698277467749,49.89528903998223
34,2022-06-02 22:05:00,31.417,31.407,31.417,31.347,453244,1654178700,,,,,,,,,,,53.68932504720392,64.59621481470792,49.89528903998223
35,2022-06-02 22:06:00,31.407,31.297,31.407,31.272,485424,1654178760,,,,,,,,,,,53.73868420490537,64.59621481470792,49.89528903998223
36,2022-06-02 22:07:00,31.317,31.472,31.472,31.242,478460,1654178820,,,,,,,,,,,55.879714822898805,64.59621481470792,49.89528903998223
37,2022-06-02 22:08:00,31.497,31.377,31.497,31.367,419756,1654178880,,,,,,,,,,,56.596223781135166,64.59621481470792,49.89528903998223
38,2022-06-02 22:09:00,31.397,31.277,31.397,31.277,335572,1654178940,,,,,,,,,,,55.980875062924596,64.59621481470792,49.89528903998223
39,2022-06-02 22:10:00,31.237,31.267,31.343,31.237,349012,1654179000,,,,,,,,,,,55.27529804546792,61.46729985735891,49.89528903998223
40,2022-06-02 22:11:00,31.292,31.392,31.392,31.277,487480,1654179060,,,,,,,,,,,56.13473929743354,61.46729985735891,49.89528903998223
41,2022-06-02 22:12:00,31.457,31.547,31.558,31.447,844652,1654179120,,,,,,,,,,,58.75423178535401,61.46729985735891,49.89528903998223
42,2022-06-02 22:13:00,31.527,31.697,31.697,31.527,999536,1654179180,,,,,,,,,,,62.87829713420007,61.46729985735891,49.89528903998223
43,2022-06-02 22:14:00,31.688,31.932,31.932,31.688,1449352,1654179240,,,,,,,,,,,69.37182427544904,61.46729985735891,49.89528903998223
44,2022-06-02 22:15:00,31.937,31.872,31.937,31.867,915516,1654179300,,,,,,,,,,,74.37613965490463,65.84322047375255,49.89528903998223
45,2022-06-02 22:16:00,31.858,31.787,31.867,31.768,817136,1654179360,,,,,,,,,,,79.9076238880717,65.84322047375255,49.89528903998223
46,2022-06-02 22:17:00,31.777,31.896,31.896,31.777,621684,1654179420,,,,,,,,,,,86.26565364074106,65.84322047375255,49.89528903998223
47,2022-06-02 22:18:00,31.887,31.797,31.887,31.737,696760,1654179480,,,,,,,,,,,90.3383068643211,65.84322047375255,49.89528903998223
48,2022-06-02 22:19:00,31.707,31.707,31.732,31.696,536440,1654179540,,,,,,,,,,,92.52565661303797,65.84322047375255,49.89528903998223
49,2022-06-02 22:20:00,31.706,31.467,31.727,31.467,600612,1654179600,,,,,,,,,,,90.77226209178527,64.91529203965025,49.89528903998223
50,2022-06-02 22:21:00,31.477,31.536,31.546,31.447,809776,1654179660,,,,,,,,,,,90.15971358054546,64.91529203965025,49.89528903998223
51,2022-06-02 22:22:00,31.486,31.207,31.486,31.157,1656456,1654179720,,,,,,,,,,,84.57868676806915,64.91529203965025,49.89528903998223
52,2022-06-02 22:23:00,31.152,31.257,31.265,31.152,769328,1654179780,,,,,,,,,,,78.70104884874121,64.91529203965025,49.89528903998223
53,2022-06-02 22:24:00,31.222,31.077,31.222,31.077,488192,1654179840,,,,,,,,,,,70.27361495322317,64.91529203965025,49.89528903998223
54,2022-06-02 22:25:00,31.027,31.072,31.127,31.027,781772,1654179900,,,,,,,,,,,62.63015748121413,59.378147203627705,49.89528903998223
55,2022-06-02 22:26:00,31.017,31.107,31.107,31.017,559072,1654179960,,,,,,,,,,,56.17017490254608,59.378147203627705,49.89528903998223
56,2022-06-02 22:27:00,31.072,31.192,31.192,31.072,649780,1654180020,,,,,,,,,,,51.860424240642814,59.378147203627705,49.89528903998223
57,2022-06-02 22:28:00,31.112,31.067,31.112,30.967,669388,1654180080,,,,,,,,,,,45.06991163783755,59.378147203627705,49.89528903998223
58,2022-06-02 22:29:00,30.977,31.067,31.107,30.977,300264,1654180140,,,,,,,,,,,39.023713971610235,59.378147203627705,49.89528903998223
59,2022-06-02 22:30:00,31.137,31.157,31.157,31.112,413608,1654180200,,,,,,,,,,,35.321052526604134,55.43915412853288,46.35328159063391
60,2022-06-02 22:31:00,31.167,31.312,31.312,31.127,589976,1654180260,,,,,,,,,,,34.91999629504481,55.43915412853288,46.35328159063391
61,2022-06-02 22:32:00,31.259,31.252,31.368,31.252,646996,1654180320,,,,,,,,,,,33.47826181836075,55.43915412853288,46.35328159063391
62,2022-06-02 22:33:00,31.209,31.247,31.306,31.209,311560,1654180380,,,,,,,,,,,32.13003022424442,55.43915412853288,46.35328159063391
63,2022-06-02 22:34:00,31.167,31.247,31.247,31.167,310032,1654180440,,,,,,,,,,,30.959769166915635,55.43915412853288,46.35328159063391
64,2022-06-02 22:35:00,31.268,31.348,31.427,31.268,581348,1654180500,,,,,,,,,,,31.821925884528014,54.19154697070297,46.35328159063391
65,2022-06-02 22:36:00,31.287,31.417,31.427,31.246,444396,1654180560,,,,,,,,,,,33.90108430798442,54.19154697070297,46.35328159063391
66,2022-06-02 22:37:00,31.392,31.387,31.392,31.257,428284,1654180620,,,,,,,,,,,35.225778777892145,54.19154697070297,46.35328159063391
67,2022-06-02 22:38:00,31.292,31.307,31.307,31.237,303844,1654180680,,,,,,,,,,,34.94760734468194,54.19154697070297,46.35328159063391
68,2022-06-02 22:39:00,31.307,31.507,31.507,31.307,510404,1654180740,,,,,,,,,,,38.4301259190553,54.19154697070297,46.35328159063391
69,2022-06-02 22:40:00,31.407,31.512,31.512,31.392,376532,1654180800,,,,,,,,,,,41.644748027526106,55.02621003392555,46.35328159063391
70,2022-06-02 22:41:00,31.527,31.472,31.587,31.402,570016,1654180860,,,,,,,,,,,43.779729133140805,55.02621003392555,46.35328159063391
71,2022-06-02 22:42:00,31.447,31.447,31.447,31.397,349792,1654180920,,,,,,,,,,,45.225538126187146,55.02621003392555,46.35328159063391
72,2022-06-02 22:43:00,31.517,31.487,31.567,31.487,518424,1654180980,,,,,,,,,,,46.73410672737441,55.02621003392555,46.35328159063391
73,2022-06-02 22:44:00,31.502,31.512,31.598,31.502,505648,1654181040,,,,,,,,,,,48.57134374424578,55.02621003392555,46.35328159063391
74,2022-06-02 22:45:00,31.522,31.552,31.587,31.522,284844,1654181100,,,,,,,,,,,50.99370937180895,56.2444131480067,46.35328159063391
75,2022-06-02 22:46:00,31.537,31.517,31.537,31.467,328108,1654181160,,,,,,,,,,,52.45568533983487,56.2444131480067,46.35328159063391
76,2022-06-02 22:47:00,31.477,31.522,31.522,31.437,331532,1654181220,,,,,,,,,,,53.84660793438901,56.2444131480067,46.35328159063391
77,2022-06-02 22:48:00,31.617,31.587,31.617,31.578,405416,1654181280,,,,,,,,,,,56.353874802568996,56.2444131480067,46.35328159063391
78,2022-06-02 22:49:00,31.616,31.677,31.677,31.607,445964,1654181340,,,,,,,,,,,60.344794932786144,56.2444131480067,46.35328159063391
79,2022-06-02 22:50:00,31.677,31.622,31.677,31.589,389176,1654181400,,,,,,,,,,,62.79482601673611,58.158457784338395,46.35328159063391
80,2022-06-02 22:51:00,31.637,31.558,31.647,31.558,325280,1654181460,,,,,,,,,,,63.689162458634556,58.158457784338395,46.35328159063391
81,2022-06-02 22:52:00,31.527,31.646,31.646,31.527,359328,1654181520,,,,,,,,,,,66.18974782747237,58.158457784338395,46.35328159063391
82,2022-06-02 22:53:00,31.687,31.617,31.722,31.617,548544,1654181580,,,,,,,,,,,67.81360686495603,58.158457784338395,46.35328159063391
83,2022-06-02 22:54:00,31.617,31.657,31.657,31.612,250896,1654181640,,,,,,,,,,,70.01268536001844,58.158457784338395,46.35328159063391
84,2022-06-02 22:55:00,31.657,31.591,31.657,31.591,322552,1654181700,,,,,,,,,,,70.63296714092137,59.4905787185221,46.35328159063391
85,2022-06-02 22:56:00,31.637,31.686,31.686,31.602,286836,1654181760,,,,,,,,,,,73.01699460510719,59.4905787185221,46.35328159063391
86,2022-06-02 22:57:00,31.746,31.647,31.746,31.647,399988,1654181820,,,,,,,,,,,74.33028127967324,59.4905787185221,46.35328159063391
87,2022-06-02 22:58:00,31.577,31.604,31.604,31.567,416548,1654181880,,,,,,,,,,,74.60831880419663,59.4905787185221,46.35328159063391
88,2022-06-02 22:59:00,31.607,31.696,31.696,31.597,398124,1654181940,,,,,,,,,,,76.62339520704805,59.4905787185221,46.35328159063391
89,2022-06-02 23:00:00,31.687,31.727,31.762,31.687,393108,1654182000,,,,,,,,,,,79.6438297304268,62.28363392971376,45.76709897068281
90,2022-06-02 23:01:00,31.687,31.814,31.827,31.687,580244,1654182060,,,,,,,,,,,84.07432216882087,62.28363392971376,45.76709897068281
91,2022-06-02 23:02:00,31.832,31.857,31.877,31.832,539996,1654182120,,,,,,,,,,,89.02901554681863,62.28363392971376,45.76709897068281
92,2022-06-02 23:03:00,31.867,32.017,32.017,31.867,809948,1654182180,,,,,,,,,,,94.00255958361802,62.28363392971376,45.76709897068281
93,2022-06-02 23:04:00,32.017,32.037,32.067,32.017,2046884,1654182240,,,,,,,,,,,97.84051222520176,62.28363392971376,45.76709897068281
94,2022-06-02 23:05:00,32.042,32.047,32.047,31.987,555188,1654182300,,,,,,,,,,,101.35500930026325,68.55858176081603,45.76709897068281
95,2022-06-02 23:06:00,31.988,31.957,32.022,31.957,431616,1654182360,,,,,,,,,,,102.83878731704299,68.55858176081603,45.76709897068281
96,2022-06-02 23:07:00,31.957,31.942,31.981,31.942,361144,1654182420,,,,,,,,,,,103.81365549631148,68.55858176081603,45.76709897068281
97,2022-06-02 23:08:00,31.977,31.957,31.977,31.957,253168,1654182480,,,,,,,,,,,104.85602542925837,68.55858176081603,45.76709897068281
98,2022-06-02 23:09:00,31.997,32.067,32.067,31.977,445432,1654182540,,,,,,,,,,,107.60912979116208,68.55858176081603,45.76709897068281
99,2022-06-02 23:10:00,32.047,32.057,32.107,32.047,1316320,1654182600,,,,,,,,,,,109.13536460855715,74.24731390974011,45.76709897068281
100,2022-06-02 23:11:00,32.087,32.206,32.227,32.087,952600,1654182660,,,,,,,,,,,110.9244780274461,74.24731390974011,45.76709897068281
101,2022-06-02 23:12:00,32.247,32.297,32.297,32.247,769024,1654182720,,,,,,,,,,,112.74555248111179,74.24731390974011,45.76709897068281
102,2022-06-02 23:13:00,32.313,32.352,32.352,32.313,603760,1654182780,,,,,,,,,,,114.27526377194448,74.24731390974011,45.76709897068281
103,2022-06-02 23:14:00,32.337,32.302,32.387,32.297,722976,1654182840,,,,,,,,,,,114.2702925833427,74.24731390974011,45.76709897068281
104,2022-06-02 23:15:00,32.307,32.362,32.372,32.307,354344,1654182900,,,,1.0,,,,,,,115.06779433504602,80.44607716073705,45.76709897068281
105,2022-06-02 23:16:00,32.357,32.367,32.376,32.352,378000,1654182960,,,,,,,,,,,115.75261246417236,80.44607716073705,45.76709897068281
106,2022-06-02 23:17:00,32.367,32.362,32.382,32.362,445504,1654183020,,,,,,,,,,,116.19354333422856,80.44607716073705,45.76709897068281
107,2022-06-02 23:18:00,32.357,32.227,32.357,32.227,713776,1654183080,,,,,,,,,,,114.38181024417415,80.44607716073705,45.76709897068281
108,2022-06-02 23:19:00,32.231,32.292,32.292,32.217,707784,1654183140,,,,,,,,,,,113.60901373276067,80.44607716073705,45.76709897068281
109,2022-06-02 23:20:00,32.286,32.242,32.287,32.242,523896,1654183200,,,,,,,,,,,112.00770474931997,84.66661676137946,45.76709897068281
110,2022-06-02 23:21:00,32.257,32.252,32.257,32.2,613392,1654183260,,,,,,,,,,,110.6695640523954,84.66661676137946,45.76709897068281
111,2022-06-02 23:22:00,32.252,32.237,32.267,32.227,261136,1654183320,,,,,,,,,,,109.15502526303482,84.66661676137946,45.76709897068281
112,2022-06-02 23:23:00,32.208,32.299,32.317,32.208,295728,1654183380,,,,,,,,,,,108.67258565685006,84.66661676137946,45.76709897068281
113,2022-06-02 23:24:00,32.287,32.306,32.306,32.257,317624,1654183440,,,,,,,,,,,108.17899109016949,84.66661676137946,45.76709897068281
114,2022-06-02 23:25:00,32.267,32.276,32.287,32.267,207456,1654183500,,,,,,,,,,,107.08950135442706,88.73293579394468,45.76709897068281
115,2022-06-02 23:26:00,32.277,32.278,32.282,32.267,398872,1654183560,,,,,,,,,,,106.09770250071492,88.73293579394468,45.76709897068281
116,2022-06-02 23:27:00,32.287,32.366,32.366,32.287,417008,1654183620,,,,,,,,,,,106.83939731412383,88.73293579394468,45.76709897068281
117,2022-06-02 23:28:00,32.327,32.277,32.327,32.187,640632,1654183680,,,,,,,,,,,105.65486466761311,88.73293579394468,45.76709897068281
118,2022-06-02 23:29:00,32.239,32.207,32.247,32.197,319136,1654183740,,,,,,,,,,,103.13822326310071,88.73293579394468,45.76709897068281
119,2022-06-02 23:30:00,32.167,32.297,32.297,32.167,373536,1654183800,,,,,,,,,,,102.65831710347416,92.51863391885719,47.8163444726992
120,2022-06-02 23:31:00,32.297,32.217,32.297,32.202,388744,1654183860,,,,,,,,,,,100.57698878454659,92.51863391885719,47.8163444726992
121,2022-06-02 23:32:00,32.197,32.207,32.207,32.117,619984,1654183920,,,,,,,,,,,98.10170704265366,92.51863391885719,47.8163444726992
122,2022-06-02 23:33:00,32.172,32.187,32.187,32.147,324240,1654183980,,,,,,,,,,,95.41643077149001,92.51863391885719,47.8163444726992
123,2022-06-02 23:34:00,32.202,32.217,32.242,32.187,253336,1654184040,,,,,,,,,,,93.6609356876098,92.51863391885719,47.8163444726992
124,2022-06-02 23:35:00,32.237,32.257,32.278,32.237,388000,1654184100,,,,,,,,,,,92.9609116254382,95.40764569269471,47.8163444726992
125,2022-06-02 23:36:00,32.242,32.098,32.242,32.098,339664,1654184160,,,,,,,,,,,88.78188092819005,95.40764569269471,47.8163444726992
126,2022-06-02 23:37:00,32.102,32.115,32.165,32.072,418256,1654184220,,,,,,,,,,,85.124911985229,95.40764569269471,47.8163444726992
127,2022-06-02 23:38:00,32.127,32.166,32.166,32.127,212488,1654184280,,,,,,,,,,,83.04658962023925,95.40764569269471,47.8163444726992
128,2022-06-02 23:39:00,32.168,32.201,32.201,32.127,259224,1654184340,,,,,,,,,,,82.0074233655524,95.40764569269471,47.8163444726992
129,2022-06-02 23:40:00,32.181,32.147,32.181,32.147,121912,1654184400,,,,,,,,,,,79.82281150857119,96.75789322579024,47.8163444726992
130,2022-06-02 23:41:00,32.147,32.217,32.217,32.147,363520,1654184460,,,,,,,,,,,79.51080325333513,96.75789322579024,47.8163444726992
131,2022-06-02 23:42:00,32.217,32.357,32.357,32.217,587392,1654184520,,,,,,,,,,,82.50080419940952,96.75789322579024,47.8163444726992
132,2022-06-02 23:43:00,32.345,32.387,32.387,32.342,395984,1654184580,,,,,,,,,,,85.8661282785942,96.75789322579024,47.8163444726992
133,2022-06-02 23:44:00,32.436,32.477,32.492,32.436,989344,1654184640,,,,,,,,,,,88.50440902365696,96.75789322579024,47.8163444726992
134,2022-06-02 23:45:00,32.447,32.427,32.448,32.422,322384,1654184700,,,,,,,,,,,89.65842910201147,99.76474643428932,47.8163444726992
135,2022-06-02 23:46:00,32.436,32.497,32.497,32.387,522768,1654184760,,,,,,,,,,,92.21691772884733,99.76474643428932,47.8163444726992
136,2022-06-02 23:47:00,32.509,32.537,32.537,32.509,620720,1654184820,,,,,,,,,,,94.48023707609616,99.76474643428932,47.8163444726992
137,2022-06-02 23:48:00,32.577,32.527,32.587,32.527,480584,1654184880,,,,,,,,,,,94.69859420936132,99.76474643428932,47.8163444726992
138,2022-06-02 23:49:00,32.547,32.567,32.587,32.547,497128,1654184940,,,,,,,,,,,96.05621085378743,99.76474643428932,47.8163444726992
139,2022-06-02 23:50:00,32.603,32.657,32.657,32.603,435592,1654185000,,,,,,,,,,,97.83518511864648,103.01539827539914,47.8163444726992
140,2022-06-02 23:51:00,32.667,32.667,32.667,32.617,512408,1654185060,,,,,,,,,,,99.39449076661862,103.01539827539914,47.8163444726992
141,2022-06-02 23:52:00,32.677,32.687,32.687,32.677,479056,1654185120,,,,,,,,,,,100.75551039433381,103.01539827539914,47.8163444726992
142,2022-06-02 23:53:00,32.677,32.712,32.712,32.677,351112,1654185180,,,,,,,,,,,101.937751890502,103.01539827539914,47.8163444726992
143,2022-06-02 23:54:00,32.707,32.692,32.727,32.692,302720,1654185240,,,,,,,,,,,101.9753432324874,103.01539827539914,47.8163444726992
144,2022-06-02 23:55:00,32.697,32.567,32.697,32.567,829712,1654185300,,,,,,,,,,,98.29173145913438,104.41803758234849,47.8163444726992
145,2022-06-02 23:56:00,32.572,32.547,32.597,32.547,550280,1654185360,,,,,,,,,,,94.39837665968537,104.41803758234849,47.8163444726992
146,2022-06-02 23:57:00,32.527,32.507,32.537,32.507,322128,1654185420,,,,,,,,,,,89.74249997866502,104.41803758234849,47.8163444726992
147,2022-06-02 23:58:00,32.472,32.442,32.482,32.427,567728,1654185480,,,,,,,,,,,83.68650143213131,104.41803758234849,47.8163444726992
148,2022-06-02 23:59:00,32.427,32.398,32.442,32.398,368512,1654185540,,,,,,,,,,,77.00637419316925,104.41803758234849,47.8163444726992
149,2022-06-03 00:00:00,32.422,32.446,32.475,32.412,496096,1654185600,,,,,,,,,,,72.46670389607345,104.51675860253823,50.318904076248145
150,2022-06-03 00:01:00,32.467,32.447,32.467,32.417,275016,1654185660,,,,,,,,,,,68.47302407389824,104.51675860253823,50.318904076248145
151,2022-06-03 00:02:00,32.417,32.397,32.422,32.387,315368,1654185720,,,,,,,,,,,63.485350137753926,104.51675860253823,50.318904076248145
152,2022-06-03 00:03:00,32.368,32.427,32.427,32.368,297800,1654185780,,,,,,,,,,,59.95421877719457,104.51675860253823,50.318904076248145
153,2022-06-03 00:04:00,32.457,32.517,32.517,32.457,349456,1654185840,,,,,,,,,,,59.47858412160406,104.51675860253823,50.318904076248145
154,2022-06-03 00:05:00,32.507,32.529,32.529,32.507,385592,1654185900,,,,,,,,,,,59.45198225775769,105.25922430732439,50.318904076248145
155,2022-06-03 00:06:00,32.535,32.507,32.537,32.482,427384,1654185960,,,,,,,,,,,58.8327714305519,105.25922430732439,50.318904076248145
156,2022-06-03 00:07:00,32.537,32.497,32.537,32.468,246744,1654186020,,,,,,,,,,,58.03528372039969,105.25922430732439,50.318904076248145
157,2022-06-03 00:08:00,32.462,32.517,32.517,32.457,280280,1654186080,,,,,,,,,,,57.95457408127376,105.25922430732439,50.318904076248145
158,2022-06-03 00:09:00,32.487,32.455,32.487,32.437,229472,1654186140,,,,,,,,,,,56.11965126875975,105.25922430732439,50.318904076248145
159,2022-06-03 00:10:00,32.472,32.487,32.487,32.438,99040,1654186200,,,,,,,,,,,55.46536280564479,105.47027442311537,50.318904076248145
160,2022-06-03 00:11:00,32.479,32.587,32.587,32.479,263992,1654186260,,,,,,,,,,,57.84821359083642,105.47027442311537,50.318904076248145
161,2022-06-03 00:12:00,32.586,32.486,32.586,32.477,358968,1654186320,,,,,,,,,,,57.06938274368375,105.47027442311537,50.318904076248145
162,2022-06-03 00:13:00,32.492,32.487,32.537,32.487,164472,1654186380,,,,,,,,,,,56.447386137376355,105.47027442311537,50.318904076248145
163,2022-06-03 00:14:00,32.507,32.536,32.537,32.507,173040,1654186440,,,,,,,,,,,57.36596145722214,105.47027442311537,50.318904076248145
164,2022-06-03 00:15:00,32.497,32.577,32.577,32.497,121120,1654186500,,,,,,,,,,,59.422293907144535,106.37672377345976,50.318904076248145
165,2022-06-03 00:16:00,32.532,32.555,32.587,32.532,214000,1654186560,,,,,,,,,,,60.650252227157154,106.37672377345976,50.318904076248145
166,2022-06-03 00:17:00,32.558,32.557,32.577,32.557,154368,1654186620,,,,,,,,,,,61.83647359383704,106.37672377345976,50.318904076248145
167,2022-06-03 00:18:00,32.587,32.652,32.652,32.575,287616,1654186680,,,,,,,,,,,65.69590842912388,106.37672377345976,50.318904076248145
168,2022-06-03 00:19:00,32.667,32.682,32.682,32.652,232312,1654186740,,,,,,,,,,,70.03479510687151,106.37672377345976,50.318904076248145
169,2022-06-03 00:20:00,32.702,32.707,32.707,32.695,326880,1654186800,,,,,,,,,,,74.64652356077642,108.25734244344147,50.318904076248145
170,2022-06-03 00:21:00,32.697,32.797,32.797,32.697,675080,1654186860,,,,,,,,,,,79.34650813061515,108.25734244344147,50.318904076248145
171,2022-06-03 00:22:00,32.782,32.718,32.782,32.715,381304,1654186920,,,,,,,,,,,81.27911054032484,108.25734244344147,50.318904076248145
172,2022-06-03 00:23:00,32.727,32.772,32.772,32.727,245744,1654186980,,,,,,,,,,,84.53371978995031,108.25734244344147,50.318904076248145
173,2022-06-03 00:24:00,32.787,32.867,32.867,32.787,528168,1654187040,,,,,,,,,,,88.1341025057151,108.25734244344147,50.318904076248145
174,2022-06-03 00:25:00,32.866,32.937,32.937,32.866,760440,1654187100,,,,,,,,,,,91.32317321586706,110.0317104690497,50.318904076248145
175,2022-06-03 00:26:00,32.947,32.977,32.977,32.942,532592,1654187160,,,,,,,,,,,94.13977182019553,110.0317104690497,50.318904076248145
176,2022-06-03 00:27:00,32.909,32.928,32.934,32.897,475456,1654187220,,,,,,,,,,,95.14467195800063,110.0317104690497,50.318904076248145
177,2022-06-03 00:28:00,32.957,33.005,33.005,32.957,237752,1654187280,,,,,,,,,,,97.4820508168485,110.0317104690497,50.318904076248145
178,2022-06-03 00:29:00,33.017,32.949,33.022,32.949,407040,1654187340,,,,,,,,,,,97.39616097932443,110.0317104690497,50.318904076248145
179,2022-06-03 00:30:00,32.937,33.012,33.012,32.937,338368,1654187400,,,,,,,,,,,99.12428335639783,111.45495112505455,55.121671156400026
180,2022-06-03 00:31:00,32.987,33.027,33.037,32.987,422944,1654187460,,,,,,,,,,,100.63331823936235,111.45495112505455,55.121671156400026
181,2022-06-03 00:32:00,32.991,33.012,33.012,32.972,280768,1654187520,,,,,,,,,,,101.50989688139325,111.45495112505455,55.121671156400026
182,2022-06-03 00:33:00,32.997,33.037,33.052,32.997,641160,1654187580,,,,,,,,,,,102.5452388546748,111.45495112505455,55.121671156400026
183,2022-06-03 00:34:00,33.058,33.087,33.087,33.042,334104,1654187640,,,,,,,,,,,103.84518130385891,111.45495112505455,55.121671156400026
184,2022-06-03 00:35:00,33.087,33.049,33.087,33.047,327592,1654187700,,,,,,,,,,,103.9504411051343,112.43169286098404,55.121671156400026
185,2022-06-03 00:36:00,33.062,33.072,33.087,33.052,314128,1654187760,,,,,,,,,,,104.61243007178771,112.43169286098404,55.121671156400026
186,2022-06-03 00:37:00,33.097,33.147,33.147,33.097,394664,1654187820,,,,,,,,,,,105.5580260904251,112.43169286098404,55.121671156400026
187,2022-06-03 00:38:00,33.132,33.152,33.152,33.132,285288,1654187880,,,,,,,,,,,106.35704295070278,112.43169286098404,55.121671156400026
188,2022-06-03 00:39:00,33.128,33.182,33.192,33.127,333992,1654187940,,,,,,,,,,,106.79289093134423,112.43169286098404,55.121671156400026
189,2022-06-03 00:40:00,33.197,33.217,33.217,33.187,417016,1654188000,,,,,,,,,,,107.36890954050324,113.50877295304869,55.121671156400026
190,2022-06-03 00:41:00,33.232,33.197,33.232,33.171,371896,1654188060,,,,,,,,,,,107.06375808734711,113.50877295304869,55.121671156400026
191,2022-06-03 00:42:00,33.195,33.178,33.207,33.178,301184,1654188120,,,,,,,,,,,106.32827118060447,113.50877295304869,55.121671156400026
192,2022-06-03 00:43:00,33.152,33.077,33.152,33.057,864960,1654188180,,,,,,,,,,,103.39762343865254,113.50877295304869,55.121671156400026
193,2022-06-03 00:44:00,33.057,33.017,33.057,32.997,670824,1654188240,,,,,,,,,,,99.4227100751541,113.50877295304869,55.121671156400026
194,2022-06-03 00:45:00,33.017,33.052,33.052,33.017,250512,1654188300,,,,,,,,,,,96.62626485841938,113.09618364367884,55.121671156400026
195,2022-06-03 00:46:00,33.067,33.126,33.126,33.057,215840,1654188360,,,,,,,,,,,95.7494834200428,113.09618364367884,55.121671156400026
196,2022-06-03 00:47:00,33.117,33.096,33.132,33.067,287128,1654188420,,,,,,,,,,,94.28649355597204,113.09618364367884,55.121671156400026
197,2022-06-03 00:48:00,33.092,33.084,33.092,33.067,178704,1654188480,,,,,,,,,,,92.41794004283079,113.09618364367884,55.121671156400026
198,2022-06-03 00:49:00,33.047,33.072,33.097,33.047,209600,1654188540,,,,,,,,,,,90.45271141528798,113.09618364367884,55.121671156400026
199,2022-06-03 00:50:00,33.077,33.049,33.077,33.047,183272,1654188600,,,,,,,,,,,88.14086330728577,112.62703504369284,55.121671156400026
200,2022-06-03 00:51:00,33.086,33.066,33.087,33.065,184232,1654188660,,,,,,,,,,,86.48605319677182,112.62703504369284,55.121671156400026
201,2022-06-03 00:52:00,33.082,33.107,33.115,33.082,222904,1654188720,,,,,,,,,,,85.99739394471464,112.62703504369284,55.121671156400026
202,2022-06-03 00:53:00,33.097,33.177,33.177,33.097,294072,1654188780,,,,,,,,,,,87.24680938655061,112.62703504369284,55.121671156400026
203,2022-06-03 00:54:00,33.197,33.207,33.227,33.197,427664,1654188840,,,,,,,,,,,89.08153928316202,112.62703504369284,55.121671156400026
204,2022-06-03 00:55:00,33.217,33.256,33.263,33.217,413200,1654188900,,,,,,,,,,,91.14586003276332,113.39441461798202,55.121671156400026
205,2022-06-03 00:56:00,33.202,33.162,33.202,33.162,498080,1654188960,,,,,,,,,,,90.6939536228951,113.39441461798202,55.121671156400026
206,2022-06-03 00:57:00,33.168,33.137,33.176,33.137,351432,1654189020,,,,,,,,,,,89.63720326841883,113.39441461798202,55.121671156400026
207,2022-06-03 00:58:00,33.147,33.146,33.152,33.142,183728,1654189080,,,,,,,,,,,88.87458095015876,113.39441461798202,55.121671156400026
208,2022-06-03 00:59:00,33.147,33.107,33.147,33.107,209528,1654189140,,,,,,,,,,,87.21879334712935,113.39441461798202,55.121671156400026
209,2022-06-03 01:00:00,33.087,33.128,33.128,33.087,271040,1654189200,,,,,,,,,,,86.10537854632065,113.09485033067162,59.28368648317311
210,2022-06-03 01:01:00,33.167,33.142,33.167,33.117,344456,1654189260,,,,,,,,,,,85.36913977640921,113.09485033067162,59.28368648317311
211,2022-06-03 01:02:00,33.128,33.167,33.167,33.107,370400,1654189320,,,,,,,,,,,85.32539795262943,113.09485033067162,59.28368648317311
212,2022-06-03 01:03:00,33.147,33.162,33.192,33.147,253376,1654189380,,,,,,,,,,,84.79804574027818,113.09485033067162,59.28368648317311
213,2022-06-03 01:04:00,33.167,33.235,33.237,33.167,288576,1654189440,,,,,,,,,,,86.54978251989601,113.09485033067162,59.28368648317311
214,2022-06-03 01:05:00,33.222,33.257,33.277,33.222,290256,1654189500,,,,,,,,,,,88.39670259872861,113.56937390717647,59.28368648317311
215,2022-06-03 01:06:00,33.237,33.236,33.237,33.218,207104,1654189560,,,,,,,,,,,89.30659660514502,113.56937390717647,59.28368648317311
216,2022-06-03 01:07:00,33.217,33.26,33.26,33.217,226024,1654189620,,,,,,,,,,,90.91783763489417,113.56937390717647,59.28368648317311
217,2022-06-03 01:08:00,33.272,33.252,33.279,33.229,322864,1654189680,,,,,,,,,,,91.8899619738188,113.56937390717647,59.28368648317311
218,2022-06-03 01:09:00,33.237,33.237,33.272,33.237,172808,1654189740,,,,,,,,,,,91.85372231933101,113.56937390717647,59.28368648317311
219,2022-06-03 01:10:00,33.227,33.217,33.227,33.207,205776,1654189800,,,,,,,,,,,90.65486094291546,113.62328378381031,59.28368648317311
220,2022-06-03 01:11:00,33.217,33.247,33.252,33.217,159560,1654189860,,,,,,,,,,,91.0807910667645,113.62328378381031,59.28368648317311
221,2022-06-03 01:12:00,33.247,33.165,33.247,33.158,317528,1654189920,,,,,,,,,,,86.6847939139081,113.62328378381031,59.28368648317311
222,2022-06-03 01:13:00,33.172,33.107,33.172,33.107,369056,1654189980,,,,,,,,,,,79.52535686817941,113.62328378381031,59.28368648317311
223,2022-06-03 01:14:00,33.117,33.072,33.117,33.072,245184,1654190040,,,,,,,,,,,71.20035289029528,113.62328378381031,59.28368648317311
224,2022-06-03 01:15:00,33.047,33.062,33.067,32.978,662552,1654190100,,,,,,,,,,,61.8660882228306,112.50727191413279,59.28368648317311
225,2022-06-03 01:16:00,33.037,33.047,33.067,33.017,168360,1654190160,,,,,,,,,,,52.656471680592546,112.50727191413279,59.28368648317311
226,2022-06-03 01:17:00,33.024,33.037,33.037,33.007,137520,1654190220,,,,,,,,,,,43.585614778264016,112.50727191413279,59.28368648317311
227,2022-06-03 01:18:00,33.028,33.147,33.147,33.028,359024,1654190280,,,,,,,,,,,42.561420701364256,112.50727191413279,59.28368648317311
228,2022-06-03 01:19:00,33.147,33.167,33.167,33.127,424792,1654190340,,,,,,,,,,,42.99945183622029,112.50727191413279,59.28368648317311
229,2022-06-03 01:20:00,33.167,33.217,33.217,33.167,341088,1654190400,,,,,,,,,,,46.643589892023186,112.51948954619826,59.28368648317311
230,2022-06-03 01:21:00,33.208,33.186,33.208,33.147,184800,1654190460,,,,,,,,,,,47.99537797888411,112.51948954619826,59.28368648317311
231,2022-06-03 01:22:00,33.188,33.202,33.202,33.167,160648,1654190520,,,,,,,,,,,50.282620226219535,112.51948954619826,59.28368648317311
232,2022-06-03 01:23:00,33.187,33.202,33.217,33.187,259704,1654190580,,,,,,,,,,,52.382333403564786,112.51948954619826,59.28368648317311
233,2022-06-03 01:24:00,33.192,33.237,33.247,33.192,292896,1654190640,,,,,,,,,,,56.531578088041755,112.51948954619826,59.28368648317311
234,2022-06-03 01:25:00,33.242,33.212,33.277,33.212,336912,1654190700,,,,,,,,,,,58.68990713050627,112.39323096685581,59.28368648317311
235,2022-06-03 01:26:00,33.242,33.279,33.279,33.217,211432,1654190760,,,,,,,,,,,64.90869071327415,112.39323096685581,59.28368648317311
236,2022-06-03 01:27:00,33.287,33.207,33.287,33.207,302872,1654190820,,,,,,,,,,,65.53404308258527,112.39323096685581,59.28368648317311
237,2022-06-03 01:28:00,33.222,33.155,33.222,33.155,194208,1654190880,,,,,,,,,,,62.900800674565716,112.39323096685581,59.28368648317311
238,2022-06-03 01:29:00,33.142,33.177,33.177,33.102,266088,1654190940,,,,,,,,,,,61.942641154857085,112.39323096685581,59.28368648317311
239,2022-06-03 01:30:00,33.195,33.257,33.257,33.195,200592,1654191000,,,,,,,,,,,66.06676558105642,112.49951801705038,63.901375498131955
240,2022-06-03 01:31:00,33.267,33.279,33.282,33.262,262016,1654191060,,,,,,,,,,,71.1276622539628,112.49951801705038,63.901375498131955
241,2022-06-03 01:32:00,33.282,33.262,33.287,33.214,315432,1654191120,,,,,,,,,,,74.60166007433551,112.49951801705038,63.901375498131955
242,2022-06-03 01:33:00,33.272,33.282,33.282,33.237,136792,1654191180,,,,,,,,,,,78.9417865184933,112.49951801705038,63.901375498131955
243,2022-06-03 01:34:00,33.302,33.307,33.338,33.302,440672,1654191240,,,,,,,,,,,81.47248155763657,112.49951801705038,63.901375498131955
244,2022-06-03 01:35:00,33.327,33.367,33.367,33.307,257440,1654191300,,,,,,,,,,,85.36675005888594,112.771747730127,63.901375498131955
245,2022-06-03 01:36:00,33.377,33.362,33.377,33.337,443344,1654191360,,,,,,,,,,,88.10566446265318,112.771747730127,63.901375498131955
246,2022-06-03 01:37:00,33.362,33.317,33.362,33.307,387112,1654191420,,,,,,,,,,,88.37233003671733,112.771747730127,63.901375498131955
247,2022-06-03 01:38:00,33.348,33.277,33.348,33.277,253280,1654191480,,,,,,,,,,,86.67356930009205,112.771747730127,63.901375498131955
248,2022-06-03 01:39:00,33.292,33.302,33.316,33.292,185496,1654191540,,,,,,,,,,,86.33903698265644,112.771747730127,63.901375498131955
249,2022-06-03 01:40:00,33.312,33.366,33.366,33.312,221400,1654191600,,,,,,,,,,,89.09023674752618,112.86705096692225,63.901375498131955
250,2022-06-03 01:41:00,33.366,33.312,33.377,33.287,429232,1654191660,,,,,,,,,,,88.93660624849639,112.86705096692225,63.901375498131955
251,2022-06-03 01:42:00,33.287,33.315,33.317,33.284,262944,1654191720,,,,,,,,,,,88.92323698712883,112.86705096692225,63.901375498131955
252,2022-06-03 01:43:00,33.327,33.347,33.347,33.327,171776,1654191780,,,,,,,,,,,90.424480080709,112.86705096692225,63.901375498131955
253,2022-06-03 01:44:00,33.318,33.392,33.392,33.318,243240,1654191840,,,,,,,,,,,93.17829625824334,112.86705096692225,63.901375498131955
254,2022-06-03 01:45:00,33.392,33.467,33.467,33.392,498432,1654191900,,,,,,,,,,,95.60749481174773,112.97598104380072,63.901375498131955
255,2022-06-03 01:46:00,33.476,33.435,33.476,33.435,331616,1654191960,,,,,,,,,,,96.16971417805047,112.97598104380072,63.901375498131955
256,2022-06-03 01:47:00,33.442,33.482,33.482,33.437,284424,1654192020,,,,,,,,,,,98.21330712981657,112.97598104380072,63.901375498131955
257,2022-06-03 01:48:00,33.472,33.462,33.472,33.437,260160,1654192080,,,,,,,,,,,99.24306708884527,112.97598104380072,63.901375498131955
258,2022-06-03 01:49:00,33.457,33.463,33.471,33.447,184080,1654192140,,,,,,,,,,,100.16374876415307,112.97598104380072,63.901375498131955
259,2022-06-03 01:50:00,33.467,33.467,33.467,33.447,199168,1654192200,,,,,,,,,,,101.09995766394547,112.89921744719604,63.901375498131955
260,2022-06-03 01:51:00,33.497,33.507,33.507,33.472,244000,1654192260,,,,,,,,,,,102.46616649370267,112.89921744719604,63.901375498131955
261,2022-06-03 01:52:00,33.497,33.446,33.497,33.427,292408,1654192320,,,,,,,,,,,101.44158673507536,112.89921744719604,63.901375498131955
262,2022-06-03 01:53:00,33.457,33.417,33.457,33.412,216336,1654192380,,,,,,,,,,,99.44372807448843,112.89921744719604,63.901375498131955
263,2022-06-03 01:54:00,33.407,33.457,33.472,33.407,249512,1654192440,,,,,,,,,,,99.0753037139281,112.89921744719604,63.901375498131955
264,2022-06-03 01:55:00,33.427,33.447,33.447,33.416,204288,1654192500,,,,,,,,,,,98.35519829855312,112.43490640834247,63.901375498131955
265,2022-06-03 01:56:00,33.428,33.376,33.428,33.357,338976,1654192560,,,,,,,,,,,95.1197997706162,112.43490640834247,63.901375498131955
266,2022-06-03 01:57:00,33.376,33.412,33.412,33.376,143152,1654192620,,,,,,,,,,,93.5136041390324,112.43490640834247,63.901375498131955
267,2022-06-03 01:58:00,33.457,33.437,33.457,33.417,221720,1654192680,,,,,,,,,,,92.96661414151342,112.43490640834247,63.901375498131955
268,2022-06-03 01:59:00,33.472,33.497,33.497,33.467,205056,1654192740,,,,,,,,,,,94.63018524184025,112.43490640834247,63.901375498131955
269,2022-06-03 02:00:00,33.447,33.499,33.499,33.447,268360,1654192800,,,,,,,,,,,96.15029562178867,112.3559260586311,69.20306272172323
270,2022-06-03 02:01:00,33.502,33.486,33.509,33.457,484008,1654192860,,,,,,,,,,,96.91464845137449,112.3559260586311,69.20306272172323
271,2022-06-03 02:02:00,33.482,33.498,33.499,33.482,158696,1654192920,,,,,,,,,,,98.01239061446387,112.3559260586311,69.20306272172323
272,2022-06-03 02:03:00,33.507,33.532,33.532,33.485,120552,1654192980,,,,,,,,,,,99.40436825624599,112.3559260586311,69.20306272172323
273,2022-06-03 02:04:00,33.542,33.597,33.597,33.542,576928,1654193040,,,,,,,,,,,100.61958269861512,112.3559260586311,69.20306272172323
274,2022-06-03 02:05:00,33.592,33.617,33.617,33.592,259016,1654193100,,,,,,,,,,,101.67541580086277,112.29100282242942,69.20306272172323
275,2022-06-03 02:06:00,33.622,33.617,33.622,33.582,271384,1654193160,,,,,,,,,,,102.40395677150056,112.29100282242942,69.20306272172323
276,2022-06-03 02:07:00,33.622,33.652,33.652,33.622,340648,1654193220,,,,,,,,,,,103.2073998330923,112.29100282242942,69.20306272172323
277,2022-06-03 02:08:00,33.667,33.602,33.687,33.602,573080,1654193280,,,,,,,,,,,101.11620479065925,112.29100282242942,69.20306272172323
278,2022-06-03 02:09:00,33.613,33.652,33.652,33.602,386016,1654193340,,,,,,,,,,,100.858431545699,112.29100282242942,69.20306272172323
279,2022-06-03 02:10:00,33.637,33.665,33.669,33.637,233560,1654193400,,,,,,,,,,,101.02816782132007,112.02524562739532,69.20306272172323
280,2022-06-03 02:11:00,33.637,33.697,33.697,33.637,274144,1654193460,,,,,,,,,,,101.873451644205,112.02524562739532,69.20306272172323
281,2022-06-03 02:12:00,33.687,33.622,33.687,33.622,315096,1654193520,,,,,,,,,,,100.19249773717627,112.02524562739532,69.20306272172323
282,2022-06-03 02:13:00,33.587,33.672,33.672,33.577,300584,1654193580,,,,,,,,,,,100.27729788065847,112.02524562739532,69.20306272172323
283,2022-06-03 02:14:00,33.667,33.692,33.697,33.667,211488,1654193640,,,,,,,,,,,100.94389980607266,112.02524562739532,69.20306272172323
284,2022-06-03 02:15:00,33.707,33.752,33.752,33.697,390128,1654193700,,,,,,,,,,,101.70631201450752,111.89127643797855,69.20306272172323
285,2022-06-03 02:16:00,33.712,33.707,33.722,33.702,162320,1654193760,,,,,,,,,,,100.76436114041604,111.89127643797855,69.20306272172323
286,2022-06-03 02:17:00,33.732,33.707,33.732,33.697,186128,1654193820,,,,,,,,,,,99.83185548459153,111.89127643797855,69.20306272172323
287,2022-06-03 02:18:00,33.697,33.702,33.707,33.667,273280,1654193880,,,,,,,,,,,98.63965881031837,111.89127643797855,69.20306272172323
288,2022-06-03 02:19:00,33.707,33.702,33.707,33.677,125776,1654193940,,,,,,,,,,,97.56038537584135,111.89127643797855,69.20306272172323
289,2022-06-03 02:20:00,33.717,33.736,33.738,33.687,215504,1654194000,,,,,,,,,,,97.95223061744753,111.60014264964607,69.20306272172323
290,2022-06-03 02:21:00,33.717,33.701,33.717,33.682,148144,1654194060,,,,,,,,,,,96.87951466376575,111.60014264964607,69.20306272172323
291,2022-06-03 02:22:00,33.692,33.732,33.742,33.692,187568,1654194120,,,,,,,,,,,97.15846086490663,111.60014264964607,69.20306272172323
292,2022-06-03 02:23:00,33.737,33.747,33.747,33.717,72768,1654194180,,,,,,,,,,,97.99586943771419,111.60014264964607,69.20306272172323
293,2022-06-03 02:24:00,33.742,33.698,33.756,33.698,231904,1654194240,,,,,,,,,,,96.58528354969599,111.60014264964607,69.20306272172323
294,2022-06-03 02:25:00,33.711,33.716,33.736,33.697,308032,1654194300,,,,,,,,,,,96.045882650376,111.08967627538806,69.20306272172323
295,2022-06-03 02:26:00,33.687,33.658,33.707,33.658,471168,1654194360,,,,,,,,,,,93.20751435839031,111.08967627538806,69.20306272172323
296,2022-06-03 02:27:00,33.637,33.642,33.657,33.627,492032,1654194420,,,,,,,,,,,89.6667504318381,111.08967627538806,69.20306272172323
297,2022-06-03 02:28:00,33.667,33.622,33.667,33.622,253504,1654194480,,,,,,,,,,,85.63994639068326,111.08967627538806,69.20306272172323
298,2022-06-03 02:29:00,33.617,33.575,33.617,33.575,397824,1654194540,,,,,,,,,,,79.23733039946669,111.08967627538806,69.20306272172323
299,2022-06-03 02:30:00,33.567,33.617,33.617,33.567,238704,1654194600,,,,,,,,,,,75.56229975834705,109.76672128087068,73.17608796300195
300,2022-06-03 02:31:00,33.627,33.662,33.662,33.627,175200,1654194660,,,,,,,,,,,74.47010868219343,109.76672128087068,73.17608796300195
301,2022-06-03 02:32:00,33.662,33.677,33.702,33.655,371840,1654194720,,,,,,,,,,,74.24591169769093,109.76672128087068,73.17608796300195
302,2022-06-03 02:33:00,33.697,33.742,33.742,33.697,188880,1654194780,,,,,,,,,,,77.19041495869433,109.76672128087068,73.17608796300195
303,2022-06-03 02:34:00,33.742,33.717,33.745,33.712,188208,1654194840,,,,,,,,,,,78.6437478181206,109.76672128087068,73.17608796300195
304,2022-06-03 02:35:00,33.717,33.742,33.752,33.717,143328,1654194900,,,,,,,,,,,81.15867499783806,109.56971201637003,73.17608796300195
305,2022-06-03 02:36:00,33.746,33.757,33.757,33.737,127616,1654194960,,,,,,,,,,,84.08816599019119,109.56971201637003,73.17608796300195
306,2022-06-03 02:37:00,33.758,33.737,33.767,33.723,220208,1654195020,,,,,,,,,,,85.31242342205582,109.56971201637003,73.17608796300195
307,2022-06-03 02:38:00,33.717,33.712,33.717,33.692,306464,1654195080,,,,,,,,,,,85.24633381361792,109.56971201637003,73.17608796300195
308,2022-06-03 02:39:00,33.717,33.736,33.744,33.717,100320,1654195140,,,,,,,,,,,86.3134128618816,109.56971201637003,73.17608796300195
309,2022-06-03 02:40:00,33.757,33.747,33.757,33.737,89920,1654195200,,,,,,,,,,,87.78291934475538,109.29906804057578,73.17608796300195
310,2022-06-03 02:41:00,33.717,33.722,33.733,33.717,139744,1654195260,,,,,,,,,,,87.82840152072467,109.29906804057578,73.17608796300195
311,2022-06-03 02:42:00,33.726,33.712,33.749,33.696,100736,1654195320,,,,,,,,,,,87.0672805355436,109.29906804057578,73.17608796300195
312,2022-06-03 02:43:00,33.667,33.687,33.687,33.667,230224,1654195380,,,,,,,,,,,84.61729389718315,109.29906804057578,73.17608796300195
313,2022-06-03 02:44:00,33.662,33.657,33.662,33.617,301440,1654195440,,,,,,,,,,,80.64867311933492,109.29906804057578,73.17608796300195
314,2022-06-03 02:45:00,33.675,33.687,33.697,33.675,159904,1654195500,,,,,,,,,,,78.76233638630194,108.4566321094689,73.17608796300195
315,2022-06-03 02:46:00,33.669,33.667,33.669,33.657,127616,1654195560,,,,,,,,,,,75.32506839455385,108.4566321094689,73.17608796300195
316,2022-06-03 02:47:00,33.637,33.678,33.678,33.637,105040,1654195620,,,,,,,,,,,72.95867913752056,108.4566321094689,73.17608796300195
317,2022-06-03 02:48:00,33.667,33.715,33.715,33.667,184240,1654195680,,,,,,,,,,,72.49193764240889,108.4566321094689,73.17608796300195
318,2022-06-03 02:49:00,33.715,33.72,33.737,33.702,125440,1654195740,,,,,,,,,,,72.0305749578857,108.4566321094689,73.17608796300195
319,2022-06-03 02:50:00,33.737,33.632,33.737,33.632,272848,1654195800,,,,,,,,,,,63.23965201955491,106.98944186569648,73.17608796300195
320,2022-06-03 02:51:00,33.602,33.557,33.602,33.547,529760,1654195860,,,,,,,,,,,50.10273645298744,106.98944186569648,73.17608796300195
321,2022-06-03 02:52:00,33.626,33.637,33.637,33.605,242288,1654195920,,,,,,,,,,,45.406041478238706,106.98944186569648,73.17608796300195
322,2022-06-03 02:53:00,33.667,33.722,33.722,33.647,432368,1654195980,,,,,,,,,,,48.678550237099586,106.98944186569648,73.17608796300195
323,2022-06-03 02:54:00,33.717,33.682,33.717,33.667,175952,1654196040,,,,,,,,,,,48.19170774477493,106.98944186569648,73.17608796300195
324,2022-06-03 02:55:00,33.702,33.627,33.702,33.627,138016,1654196100,,,,,,,,,,,43.04837796754495,105.48261502113593,73.17608796300195
325,2022-06-03 02:56:00,33.625,33.607,33.657,33.607,286512,1654196160,,,,,,,,,,,36.80088255043336,105.48261502113593,73.17608796300195
326,2022-06-03 02:57:00,33.607,33.527,33.607,33.527,258096,1654196220,,,,,,,,,,,26.10415130706062,105.48261502113593,73.17608796300195
327,2022-06-03 02:58:00,33.502,33.472,33.527,33.472,446752,1654196280,,,,,,,,,,,16.670091418135627,105.48261502113593,73.17608796300195
328,2022-06-03 02:59:00,33.482,33.432,33.492,33.432,339152,1654196340,,,,,,,,,,,8.377887730813683,105.48261502113593,73.17608796300195
329,2022-06-03 03:00:00,33.436,33.402,33.436,33.387,408304,1654196400,,,,,,,,,,,1.8716078715219737,101.57205180445749,75.39002085822622
330,2022-06-03 03:01:00,33.38,33.442,33.472,33.38,617888,1654196460,,,,,,,,,,,-1.4795167733138328,101.57205180445749,75.39002085822622
331,2022-06-03 03:02:00,33.447,33.387,33.447,33.357,411376,1654196520,,,,,,,,,,,-5.984294481435029,101.57205180445749,75.39002085822622
332,2022-06-03 03:03:00,33.427,33.472,33.472,33.427,335024,1654196580,,,,,,,,,,,-5.887279585903627,101.57205180445749,75.39002085822622
333,2022-06-03 03:04:00,33.487,33.547,33.547,33.447,258576,1654196640,,,,,,,,,,,-2.1560069394526806,101.57205180445749,75.39002085822622
334,2022-06-03 03:05:00,33.566,33.529,33.567,33.529,444336,1654196700,,,,,,,,,,,0.47086604389696163,99.49474747236059,75.39002085822622
335,2022-06-03 03:06:00,33.512,33.567,33.567,33.487,331936,1654196760,,,,,,,,,,,4.714795126433131,99.49474747236059,75.39002085822622
336,2022-06-03 03:07:00,33.557,33.537,33.586,33.527,271088,1654196820,,,,,,,,,,,7.220042552674485,99.49474747236059,75.39002085822622
337,2022-06-03 03:08:00,33.547,33.563,33.563,33.507,160576,1654196880,,,,,,,,,,,10.777348414204823,99.49474747236059,75.39002085822622
338,2022-06-03 03:09:00,33.549,33.587,33.587,33.542,114768,1654196940,,,,,,,,,,,15.170263169573431,99.49474747236059,75.39002085822622
339,2022-06-03 03:10:00,33.577,33.552,33.612,33.546,272528,1654197000,,,,,,,,,,,17.547442810135863,97.88434919723795,75.39002085822622
340,2022-06-03 03:11:00,33.527,33.592,33.592,33.527,193440,1654197060,,,,,,,,,,,21.61612253223271,97.88434919723795,75.39002085822622
341,2022-06-03 03:12:00,33.597,33.657,33.657,33.597,333456,1654197120,,,,,,,,,,,28.348875835533264,97.88434919723795,75.39002085822622
342,2022-06-03 03:13:00,33.637,33.607,33.637,33.607,304288,1654197180,,,,,,,,,,,32.08243698849452,97.88434919723795,75.39002085822622
343,2022-06-03 03:14:00,33.607,33.587,33.607,33.571,173152,1654197240,,,,,,,,,,,34.53094837154822,97.88434919723795,75.39002085822622
344,2022-06-03 03:15:00,33.602,33.632,33.667,33.602,202944,1654197300,,,,,,,,,,,38.85728643019144,97.33654064436854,75.39002085822622
345,2022-06-03 03:16:00,33.642,33.607,33.642,33.607,167232,1654197360,,,,,,,,,,,41.58609986061089,97.33654064436854,75.39002085822622
346,2022-06-03 03:17:00,33.627,33.657,33.657,33.617,143664,1654197420,,,,,,,,,,,46.3799984657669,97.33654064436854,75.39002085822622
347,2022-06-03 03:18:00,33.662,33.627,33.716,33.627,365120,1654197480,,,,,,,,,,,49.27671274803686,97.33654064436854,75.39002085822622
348,2022-06-03 03:19:00,33.627,33.657,33.668,33.627,144176,1654197540,,,,,,,,,,,53.27212204339176,97.33654064436854,75.39002085822622
349,2022-06-03 03:20:00,33.645,33.637,33.645,33.617,114176,1654197600,,,,,,,,,,,55.90875641669197,96.89215285327975,75.39002085822622
350,2022-06-03 03:21:00,33.648,33.627,33.648,33.597,203392,1654197660,,,,,,,,,,,57.794472927343165,96.89215285327975,75.39002085822622
351,2022-06-03 03:22:00,33.627,33.626,33.667,33.617,191808,1654197720,,,,,,,,,,,59.73981650344841,96.89215285327975,75.39002085822622
352,2022-06-03 03:23:00,33.608,33.545,33.608,33.527,354528,1654197780,,,,,,,,,,,57.59780550084052,96.89215285327975,75.39002085822622
353,2022-06-03 03:24:00,33.547,33.552,33.567,33.527,196992,1654197840,,,,,,,,,,,56.01921900300938,96.89215285327975,75.39002085822622
354,2022-06-03 03:25:00,33.587,33.617,33.632,33.587,228432,1654197900,,,,,,,,,,,57.97085741966964,96.18096878994857,75.39002085822622
355,2022-06-03 03:26:00,33.599,33.674,33.692,33.599,367616,1654197960,,,,,,,,,,,62.48699921921997,96.18096878994857,75.39002085822622
356,2022-06-03 03:27:00,33.646,33.442,33.646,33.437,483808,1654198020,,,,,,,,,,,55.322956229563346,96.18096878994857,75.39002085822622
357,2022-06-03 03:28:00,33.457,33.402,33.457,33.387,428272,1654198080,,,,,,,,,,,46.92411827357671,96.18096878994857,75.39002085822622
358,2022-06-03 03:29:00,33.414,33.388,33.414,33.362,242416,1654198140,,,,,,,,,,,38.747783584619384,96.18096878994857,75.39002085822622
359,2022-06-03 03:30:00,33.372,33.397,33.397,33.327,323232,1654198200,,,,,,,,,,,33.193140828600704,92.25241304478692,77.34742453202949
360,2022-06-03 03:31:00,33.416,33.493,33.517,33.416,398768,1654198260,,,,,,,,,,,32.75758224200584,92.25241304478692,77.34742453202949
361,2022-06-03 03:32:00,33.458,33.517,33.55,33.458,327472,1654198320,,,,,,,,,,,33.53121804972422,92.25241304478692,77.34742453202949
362,2022-06-03 03:33:00,33.537,33.492,33.537,33.457,231568,1654198380,,,,,,,,,,,33.09676356850834,92.25241304478692,77.34742453202949
363,2022-06-03 03:34:00,33.527,33.483,33.527,33.483,149648,1654198440,,,,,,,,,,,32.33055830917398,92.25241304478692,77.34742453202949
364,2022-06-03 03:35:00,33.477,33.537,33.537,33.477,211904,1654198500,,,,,,,,,,,34.57731555246549,90.65957109292933,77.34742453202949
365,2022-06-03 03:36:00,33.537,33.612,33.617,33.537,358704,1654198560,,,,,,,,,,,40.245792696008834,90.65957109292933,77.34742453202949
366,2022-06-03 03:37:00,33.632,33.632,33.642,33.582,271344,1654198620,,,,,,,,,,,46.293122230053115,90.65957109292933,77.34742453202949
367,2022-06-03 03:38:00,33.627,33.562,33.627,33.548,254160,1654198680,,,,,,,,,,,48.45743837576306,90.65957109292933,77.34742453202949
368,2022-06-03 03:39:00,33.552,33.567,33.577,33.532,101456,1654198740,,,,,,,,,,,50.670485458494966,90.65957109292933,77.34742453202949
369,2022-06-03 03:40:00,33.532,33.557,33.572,33.532,177904,1654198800,,,,,,,,,,,52.15601237003415,89.51368474704375,77.34742453202949
370,2022-06-03 03:41:00,33.567,33.608,33.608,33.546,159936,1654198860,,,,,,,,,,,55.98661876856518,89.51368474704375,77.34742453202949
371,2022-06-03 03:42:00,33.632,33.567,33.632,33.567,250144,1654198920,,,,,,,,,,,57.3814426423,89.51368474704375,77.34742453202949
372,2022-06-03 03:43:00,33.567,33.602,33.617,33.552,157712,1654198980,,,,,,,,,,,60.33517666390716,89.51368474704375,77.34742453202949
373,2022-06-03 03:44:00,33.618,33.627,33.627,33.587,158448,1654199040,,,,,,,,,,,64.18246730111001,89.51368474704375,77.34742453202949
374,2022-06-03 03:45:00,33.637,33.695,33.695,33.632,309216,1654199100,,,,,,,,,,,70.93214850719687,90.38053800874383,77.34742453202949
375,2022-06-03 03:46:00,33.662,33.697,33.697,33.627,306896,1654199160,,,,,,,,,,,77.01532574921453,90.38053800874383,77.34742453202949
376,2022-06-03 03:47:00,33.697,33.677,33.697,33.677,257104,1654199220,,,,,,,,,,,81.41231865322985,90.38053800874383,77.34742453202949
377,2022-06-03 03:48:00,33.697,33.635,33.697,33.632,170656,1654199280,,,,,,,,,,,83.21723079281999,90.38053800874383,77.34742453202949
378,2022-06-03 03:49:00,33.602,33.662,33.662,33.602,306896,1654199340,,,,,,,,,,,86.09803305951533,90.38053800874383,77.34742453202949
379,2022-06-03 03:50:00,33.678,33.745,33.745,33.678,473360,1654199400,,,,,,,,,,,91.26057808278611,91.8229792431116,77.34742453202949
380,2022-06-03 03:51:00,33.817,33.797,33.817,33.748,878800,1654199460,,,,,,,,,,,95.01652493788222,91.8229792431116,77.34742453202949
381,2022-06-03 03:52:00,33.822,33.817,33.867,33.817,536320,1654199520,,,,,,,,,,,97.30287819095525,91.8229792431116,77.34742453202949
382,2022-06-03 03:53:00,33.737,33.802,33.802,33.717,522160,1654199580,,,,,,,,,,,98.73451666076699,91.8229792431116,77.34742453202949
383,2022-06-03 03:54:00,33.817,33.872,33.879,33.817,404128,1654199640,,,,,,,,,,,101.99181974285877,91.8229792431116,77.34742453202949
384,2022-06-03 03:55:00,33.852,33.922,33.927,33.852,667488,1654199700,,,,,,,,,,,104.89789583432089,93.35871969065204,77.34742453202949
385,2022-06-03 03:56:00,33.847,33.917,33.927,33.847,691008,1654199760,,,,,,,,,,,107.24467961843473,93.35871969065204,77.34742453202949
386,2022-06-03 03:57:00,33.937,33.982,33.987,33.937,580368,1654199820,,,,,,,,,,,109.42312043839962,93.35871969065204,77.34742453202949
387,2022-06-03 03:58:00,33.983,34.002,34.007,33.968,491488,1654199880,,,,,,,,,,,111.27979517188464,93.35871969065204,77.34742453202949
388,2022-06-03 03:59:00,33.978,33.998,34.017,33.978,961152,1654199940,,,,,,,,,,,112.45803965379949,93.35871969065204,77.34742453202949
389,2022-06-03 04:00:00,34.007,33.947,34.387,33.797,3992240,1654200000,,,,,,,,,,,106.01014806418723,90.25731113511335,79.11027225388827
